Titre,Vendeur,Acheteurs,Notes,Date Dernier Avis,Catégorie,Sous-Catégorie,Mots Clés,Lien
تحليل البيانات وتنفيذ لوحات معلومات تفاعلية باستخدام Excel,.Fatma S,1,1,منذ 17 يوم و11 ساعة,بيانات,تحليل ومعالجة بيانات,"excel, dashboard, data analysis",https://khamsat.com/data/data-analytics/3725555-%D8%AA%D8%AD%D9%84%D9%8A%D9%84-%D8%A7%D9%84%D8%A8%D9%8A%D8%A7%D9%86%D8%A7%D8%AA-%D9%88%D8%AA%D9%86%D9%81%D9%8A%D8%B0-%D9%84%D9%88%D8%AD%D8%A7%D8%AA-%D9%85%D8%B9%D9%84%D9%88%D9%85%D8%A7%D8%AA-%D8%AA%D9%81%D8%A7%D8%B9%D9%84%D9%8A%D8%A9-%D8%A8%D8%A7%D8%B3%D8%AA%D8%AE%D8%AF%D8%A7%D9%85-excel
التحليل الاحصائي باستخدام برنامج ( SPSS & Eviews ),.Reda R,11,11,منذ 9 أشهر ويوم,بيانات,تحليل ومعالجة بيانات,"تحليل احصائي, spss, اكسل, stata, eviews, ardl, time series, cross section, panal data, multiple regression",https://khamsat.com/data/data-analytics/2477521-%D8%A7%D9%84%D8%AA%D8%AD%D9%84%D9%8A%D9%84-%D8%A7%D9%84%D8%A7%D8%AD%D8%B5%D8%A7%D8%A6%D9%8A-%D8%A8%D8%A7%D8%B3%D8%AA%D8%AE%D8%AF%D8%A7%D9%85-%D8%A8%D8%B1%D9%86%D8%A7%D9%85%D8%AC-spss-eviews
إنشاء لوحات تحكم تفاعلية لتقديم رؤية واضحة للبيانات,.Arwa M,5,3,منذ 4 أشهر و22 يوم,بيانات,تحليل ومعالجة بيانات,"اكسيل, تحليل البيانات, data analysis, power bi, داشبورد",https://khamsat.com/data/data-analytics/3121559-%D8%A5%D9%86%D8%B4%D8%A7%D8%A1-%D9%84%D9%88%D8%AD%D8%A7%D8%AA-%D8%AA%D8%AD%D9%83%D9%85-%D8%AA%D9%81%D8%A7%D8%B9%D9%84%D9%8A%D8%A9-%D9%84%D8%AA%D9%82%D8%AF%D9%8A%D9%85-%D8%B1%D8%A4%D9%8A%D8%A9-%D9%88%D8%A7%D8%B6%D8%AD%D8%A9-%D9%84%D9%84%D8%A8%D9%8A%D8%A7%D9%86%D8%A7%D8%AA
تصميم قواعد البيانات SQL Database,نرمين ع.,1,0,Aucun avis,بيانات,تحليل ومعالجة بيانات,"قواعد بيانات, قاعدة بيانات, sql, database, erd",https://khamsat.com/data/data-analytics/3781505-%D8%AA%D8%B5%D9%85%D9%8A%D9%85-%D9%82%D9%88%D8%A7%D8%B9%D8%AF-%D8%A7%D9%84%D8%A8%D9%8A%D8%A7%D9%86%D8%A7%D8%AA-sql-database
تصميم داشبورد تفاعلي ببرنامج اكسيل - Excel Dashboard,.Yahia O,10,6,منذ 3 أشهر و16 يوم,بيانات,تحليل ومعالجة بيانات,"excel, اكسل, dashboard, داش بورد, داشبورد",https://khamsat.com/data/data-analytics/3232346-%D8%AA%D8%B5%D9%85%D9%8A%D9%85-%D8%AF%D8%A7%D8%B4%D8%A8%D9%88%D8%B1%D8%AF-%D8%AA%D9%81%D8%A7%D8%B9%D9%84%D9%8A-%D8%A8%D8%A8%D8%B1%D9%86%D8%A7%D9%85%D8%AC-%D8%A7%D9%83%D8%B3%D9%8A%D9%84-excel-dashboard
تحليل البيانات باستخدام Power BI,.Abdallah S,6,4,منذ يوم و23 ساعة,بيانات,تحليل ومعالجة بيانات,"تحليل بيانات, data analysis, visualization, power bi, داشبورد",https://khamsat.com/data/data-analytics/3810303-%D8%AA%D8%AD%D9%84%D9%8A%D9%84-%D8%A7%D9%84%D8%A8%D9%8A%D8%A7%D9%86%D8%A7%D8%AA-%D8%A8%D8%A7%D8%B3%D8%AA%D8%AE%D8%AF%D8%A7%D9%85-power-bi
تحليل البيانات وتنظيمها باحتراف باستخدام Excel وPower Query,أحمد ن.,3,3,منذ شهر ويومين,بيانات,تحليل ومعالجة بيانات,"excel, تحليل البيانات, cleaning البيانات, dashboard لوحة معلومات, رسوم بيانية visualization",https://khamsat.com/data/data-analytics/3544727-%D8%AA%D8%AD%D9%84%D9%8A%D9%84-%D8%A7%D9%84%D8%A8%D9%8A%D8%A7%D9%86%D8%A7%D8%AA-%D9%88%D8%AA%D9%86%D8%B8%D9%8A%D9%85%D9%87%D8%A7-%D8%A8%D8%A7%D8%AD%D8%AA%D8%B1%D8%A7%D9%81-%D8%A8%D8%A7%D8%B3%D8%AA%D8%AE%D8%AF%D8%A7%D9%85-excel-%D9%88power-query
تحليل البيانات باستخدام Power BI,.Adham H,31,27,منذ 7 أشهر ويومين,بيانات,تحليل ومعالجة بيانات,"تحليل احصائي, تحليل بيانات, power bi, داش بورد, بور بي اي",https://khamsat.com/data/data-analytics/2725053-%D8%AA%D8%AD%D9%84%D9%8A%D9%84-%D8%A7%D9%84%D8%A8%D9%8A%D8%A7%D9%86%D8%A7%D8%AA-%D8%A8%D8%A7%D8%B3%D8%AA%D8%AE%D8%AF%D8%A7%D9%85-power-bi
تحليل بيانات و عمل داشبورد تفاعلى احترافى,امل ي.,1,1,منذ 7 أيام و16 ساعة,بيانات,تحليل ومعالجة بيانات,"excel, تفاعلية, اكسيل, تحليل البيانات, داشبورد",https://khamsat.com/data/data-analytics/3689333-%D8%AA%D8%AD%D9%84%D9%8A%D9%84-%D8%A8%D9%8A%D8%A7%D9%86%D8%A7%D8%AA-%D9%88-%D8%B9%D9%85%D9%84-%D8%AF%D8%A7%D8%B4%D8%A8%D9%88%D8%B1%D8%AF-%D8%AA%D9%81%D8%A7%D8%B9%D9%84%D9%89-%D8%A7%D8%AD%D8%AA%D8%B1%D8%A7%D9%81%D9%89
تصميم داشبورد تفاعلية واحترافية باستخدام Power BI,.Mohamed S,1,1,منذ شهر و3 أيام,بيانات,تحليل ومعالجة بيانات,"تحليل بيانات, معالجة بيانات, عرض بيانات, power bi, داشبورد",https://khamsat.com/data/data-analytics/3736477-%D8%AA%D8%B5%D9%85%D9%8A%D9%85-%D8%AF%D8%A7%D8%B4%D8%A8%D9%88%D8%B1%D8%AF-%D8%AA%D9%81%D8%A7%D8%B9%D9%84%D9%8A%D8%A9-%D9%88%D8%A7%D8%AD%D8%AA%D8%B1%D8%A7%D9%81%D9%8A%D8%A9-%D8%A8%D8%A7%D8%B3%D8%AA%D8%AE%D8%AF%D8%A7%D9%85-power-bi
إنشاء ملف اكسيل احترافي من البداية باستخدام معادلات متقدمة,محمد ا.,10,9,منذ 9 أيام وساعتين,بيانات,تحليل ومعالجة بيانات,"excel, اكسيل, إدخال بيانات, معادلات, تحليل بيانات",https://khamsat.com/data/data-analytics/3319418-%D8%A5%D9%86%D8%B4%D8%A7%D8%A1-%D9%85%D9%84%D9%81-%D8%A7%D9%83%D8%B3%D9%8A%D9%84-%D8%A7%D8%AD%D8%AA%D8%B1%D8%A7%D9%81%D9%8A-%D9%85%D9%86-%D8%A7%D9%84%D8%A8%D8%AF%D8%A7%D9%8A%D8%A9-%D8%A8%D8%A7%D8%B3%D8%AA%D8%AE%D8%AF%D8%A7%D9%85-%D9%85%D8%B9%D8%A7%D8%AF%D9%84%D8%A7%D8%AA-%D9%85%D8%AA%D9%82%D8%AF%D9%85%D8%A9
Excel Dashboard إكسل داشبورد,.Mohamed S,1,1,منذ شهر و23 ساعة,بيانات,تحليل ومعالجة بيانات,"excel, تحليل, اكسل, dashboard, داشبورد",https://khamsat.com/data/data-analytics/3882560-excel-dashboard-%D8%A5%D9%83%D8%B3%D9%84-%D8%AF%D8%A7%D8%B4%D8%A8%D9%88%D8%B1%D8%AF
تحليل البيانات بواسطة Microsoft Power BI,.Maysara M,13,12,منذ شهرين و21 يوم,بيانات,تحليل ومعالجة بيانات,"تحليل, تحليل بيانات, data analysis, dashboards, powerbi",https://khamsat.com/data/data-analytics/3045544-%D8%AA%D8%AD%D9%84%D9%8A%D9%84-%D8%A7%D9%84%D8%A8%D9%8A%D8%A7%D9%86%D8%A7%D8%AA-%D8%A8%D9%88%D8%A7%D8%B3%D8%B7%D8%A9-microsoft-power-bi
داش بورد Dashboard ديناميكي وتفاعلي على برنامج Power BI,خالد ش.,10,8,منذ 4 أشهر و15 يوم,بيانات,تحليل ومعالجة بيانات,"لوحات, dashboard, bi, powerbi, داشبورد",https://khamsat.com/data/data-analytics/2967171-%D8%AF%D8%A7%D8%B4-%D8%A8%D9%88%D8%B1%D8%AF-dashboard-%D8%AF%D9%8A%D9%86%D8%A7%D9%85%D9%8A%D9%83%D9%8A-%D9%88%D8%AA%D9%81%D8%A7%D8%B9%D9%84%D9%8A-%D8%B9%D9%84%D9%89-%D8%A8%D8%B1%D9%86%D8%A7%D9%85%D8%AC-power-bi
معالجة وتصنيف  وتحليل البيانات وخدمات فالتسويق الالكتروني,.Hager A,4,4,منذ 20 يوم و10 ساعات,بيانات,تحليل ومعالجة بيانات,"برمجة, تحليل, python, البيانات, مايكروسوفت وورد",https://khamsat.com/data/data-analytics/2234654-%D9%85%D8%B9%D8%A7%D9%84%D8%AC%D8%A9-%D9%88%D8%AA%D8%B5%D9%86%D9%8A%D9%81-%D9%88%D8%AA%D8%AD%D9%84%D9%8A%D9%84-%D8%A7%D9%84%D8%A8%D9%8A%D8%A7%D9%86%D8%A7%D8%AA-%D9%88%D8%AE%D8%AF%D9%85%D8%A7%D8%AA-%D9%81%D8%A7%D9%84%D8%AA%D8%B3%D9%88%D9%8A%D9%82-%D8%A7%D9%84%D8%A7%D9%84%D9%83%D8%AA%D8%B1%D9%88%D9%86%D9%8A
تحليل بيانات باستخدام داشبورد اكسيل,محمد ا.,4,3,منذ 22 يوم و4 ساعات,بيانات,تحليل ومعالجة بيانات,"excel, اكسل, تحليل بيانات, data analysis, داشبورد",https://khamsat.com/data/data-analytics/3878264-%D8%AA%D8%AD%D9%84%D9%8A%D9%84-%D8%A8%D9%8A%D8%A7%D9%86%D8%A7%D8%AA-%D8%A8%D8%A7%D8%B3%D8%AA%D8%AE%D8%AF%D8%A7%D9%85-%D8%AF%D8%A7%D8%B4%D8%A8%D9%88%D8%B1%D8%AF-%D8%A7%D9%83%D8%B3%D9%8A%D9%84
تحليل البيانات بواسطه Excel and Google Sheet,.Maysara M,6,5,منذ 3 أشهر و17 يوم,بيانات,تحليل ومعالجة بيانات,"excel, اكسل, تحليل بيانات, pivot, data analysis",https://khamsat.com/data/data-analytics/3045621-%D8%AA%D8%AD%D9%84%D9%8A%D9%84-%D8%A7%D9%84%D8%A8%D9%8A%D8%A7%D9%86%D8%A7%D8%AA-%D8%A8%D9%88%D8%A7%D8%B3%D8%B7%D9%87-excel-and-google-sheet
تحليل البيانات احترافي باستخدام spss,.Alhassan A,39,29,منذ يومين وساعتين,بيانات,تحليل ومعالجة بيانات,"تحليل, تحليل احصائي, spss, data, analysis",https://khamsat.com/data/data-analytics/2499842-%D8%AA%D8%AD%D9%84%D9%8A%D9%84-%D8%A7%D9%84%D8%A8%D9%8A%D8%A7%D9%86%D8%A7%D8%AA-%D8%A7%D8%AD%D8%AA%D8%B1%D8%A7%D9%81%D9%8A-%D8%A8%D8%A7%D8%B3%D8%AA%D8%AE%D8%AF%D8%A7%D9%85-spss
تحليل و تصوير البيانات Data Visualization و Dashboard,.Maria A,1,1,منذ شهر و19 يوم,بيانات,تحليل ومعالجة بيانات,"ترجمة, كتابة, مقالات, word",https://khamsat.com/data/data-analytics/3663939-%D8%AA%D8%AD%D9%84%D9%8A%D9%84-%D9%88-%D8%AA%D8%B5%D9%88%D9%8A%D8%B1-%D8%A7%D9%84%D8%A8%D9%8A%D8%A7%D9%86%D8%A7%D8%AA-data-visualization-%D9%88-dashboard
تحليل البيانات في اكسل مع عمل تقرير لها لوحة تفاعلية,.Alamir A,22,19,منذ 13 يوم و9 ساعات,بيانات,تحليل ومعالجة بيانات,"اكسل, تحليل بيانات, تحليل البيانات, داشبورد, تقرير اكسيل",https://khamsat.com/data/data-analytics/3078567-%D8%AA%D8%AD%D9%84%D9%8A%D9%84-%D8%A7%D9%84%D8%A8%D9%8A%D8%A7%D9%86%D8%A7%D8%AA-%D9%81%D9%8A-%D8%A7%D9%83%D8%B3%D9%84-%D9%85%D8%B9-%D8%B9%D9%85%D9%84-%D8%AA%D9%82%D8%B1%D9%8A%D8%B1-%D9%84%D9%87%D8%A7-%D9%84%D9%88%D8%AD%D8%A9-%D8%AA%D9%81%D8%A7%D8%B9%D9%84%D9%8A%D8%A9
عمل داشبورد تفاعلي excel dashboard بشكل احترافي,.Alamir A,22,18,منذ 17 يوم وساعة,بيانات,تحليل ومعالجة بيانات,"excel, dashboard, تحليل بيانات, تحليل البيانات, تقرير اكسيل",https://khamsat.com/data/data-analytics/3078430-%D8%B9%D9%85%D9%84-%D8%AF%D8%A7%D8%B4%D8%A8%D9%88%D8%B1%D8%AF-%D8%AA%D9%81%D8%A7%D8%B9%D9%84%D9%8A-excel-dashboard-%D8%A8%D8%B4%D9%83%D9%84-%D8%A7%D8%AD%D8%AA%D8%B1%D8%A7%D9%81%D9%8A
عمل تحليل مكاني لل data وإخراجها بصيغة ملف kml وصورة jpg,محمود أ.,1,1,منذ 22 يوم وساعتين,بيانات,تحليل ومعالجة بيانات,"تصميم, excel, تحليل, بيانات, arcgis",https://khamsat.com/data/data-analytics/3069113-%D8%B9%D9%85%D9%84-%D8%AA%D8%AD%D9%84%D9%8A%D9%84-%D9%85%D9%83%D8%A7%D9%86%D9%8A-%D9%84%D9%84-data-%D9%88%D8%A5%D8%AE%D8%B1%D8%A7%D8%AC%D9%87%D8%A7-%D8%A8%D8%B5%D9%8A%D8%BA%D8%A9-%D9%85%D9%84%D9%81-kml-%D9%88%D8%B5%D9%88%D8%B1%D8%A9-jpg
التحليل الاحصائي باستخدام برنامج SPSS,غادة ا.,66,57,منذ 3 أيام و16 ساعة,بيانات,تحليل ومعالجة بيانات,"تحليل احصائي, احصائي, spss, تحليل بيانات, تحليل البيانات",https://khamsat.com/data/data-analytics/3060432-%D8%A7%D9%84%D8%AA%D8%AD%D9%84%D9%8A%D9%84-%D8%A7%D9%84%D8%A7%D8%AD%D8%B5%D8%A7%D8%A6%D9%8A-%D8%A8%D8%A7%D8%B3%D8%AA%D8%AE%D8%AF%D8%A7%D9%85-%D8%A8%D8%B1%D9%86%D8%A7%D9%85%D8%AC-spss
التحليل باستخدام لغه البايثون _ Python Analysis,.Mahmoud T,1,0,Aucun avis,بيانات,تحليل ومعالجة بيانات,"python, بايثون, تحليل بيانات, jupyter, pandas",https://khamsat.com/data/data-analytics/3012924-%D8%A7%D9%84%D8%AA%D8%AD%D9%84%D9%8A%D9%84-%D8%A8%D8%A7%D8%B3%D8%AA%D8%AE%D8%AF%D8%A7%D9%85-%D9%84%D8%BA%D9%87-%D8%A7%D9%84%D8%A8%D8%A7%D9%8A%D8%AB%D9%88%D9%86-python-analysis
التحليل الاحصائي عبر برنامج SPSS,.Mervat Y,3,3,منذ 7 أيام و14 ساعة,بيانات,تحليل ومعالجة بيانات,"تحليل, تحليل احصائي, بيانات, spss, استبانة",https://khamsat.com/data/data-analytics/2919150-%D8%A7%D9%84%D8%AA%D8%AD%D9%84%D9%8A%D9%84-%D8%A7%D9%84%D8%A7%D8%AD%D8%B5%D8%A7%D8%A6%D9%8A-%D8%B9%D8%A8%D8%B1-%D8%A8%D8%B1%D9%86%D8%A7%D9%85%D8%AC-spss
تحليل البيانات  باستخدام R، SPSS، EViews و SAS,.Ayoub D,14,9,منذ 4 أشهر و29 يوم,بيانات,تحليل ومعالجة بيانات,"تحليل احصائي, spss, تحليل بيانات, eviews",https://khamsat.com/data/data-analytics/3048412-%D8%AA%D8%AD%D9%84%D9%8A%D9%84-%D8%A7%D9%84%D8%A8%D9%8A%D8%A7%D9%86%D8%A7%D8%AA-%D8%A8%D8%A7%D8%B3%D8%AA%D8%AE%D8%AF%D8%A7%D9%85-r-spss-eviews-%D9%88-sas
تحليل البيانات باستخدام بايثون,.Mohamed E,21,21,منذ 5 أشهر و24 يوم,بيانات,تحليل ومعالجة بيانات,"python, بايثون, تحليل البيانات, data analysis, التعلم الالي",https://khamsat.com/data/data-analytics/2375201-%D8%AA%D8%AD%D9%84%D9%8A%D9%84-%D8%A7%D9%84%D8%A8%D9%8A%D8%A7%D9%86%D8%A7%D8%AA-%D8%A8%D8%A7%D8%B3%D8%AA%D8%AE%D8%AF%D8%A7%D9%85-%D8%A8%D8%A7%D9%8A%D8%AB%D9%88%D9%86
تحليل بيانات باستخدام مايكروسوفت اكسل,.Hamed F,5,5,منذ 12 ساعة و23 دقيقة,بيانات,تحليل ومعالجة بيانات,"excel, microsoft excel, تحليل بيانات, تحليل البيانات, data analysis",https://khamsat.com/data/data-analytics/3699182-%D8%AA%D8%AD%D9%84%D9%8A%D9%84-%D8%A8%D9%8A%D8%A7%D9%86%D8%A7%D8%AA-%D8%A8%D8%A7%D8%B3%D8%AA%D8%AE%D8%AF%D8%A7%D9%85-%D9%85%D8%A7%D9%8A%D9%83%D8%B1%D9%88%D8%B3%D9%88%D9%81%D8%AA-%D8%A7%D9%83%D8%B3%D9%84
تحليل البيانات بواسطه Tableau,.Maysara M,7,6,منذ 17 يوم و23 ساعة,بيانات,تحليل ومعالجة بيانات,"tableau, تحليل البيانات, data analysis, dashboards, داشبورد",https://khamsat.com/data/data-analytics/3045609-%D8%AA%D8%AD%D9%84%D9%8A%D9%84-%D8%A7%D9%84%D8%A8%D9%8A%D8%A7%D9%86%D8%A7%D8%AA-%D8%A8%D9%88%D8%A7%D8%B3%D8%B7%D9%87-tableau
التحليل الإحصائي باستخدام برنامج spss Mintab Jasp,سامي ف.,3,3,منذ 5 أيام و15 ساعة,بيانات,تحليل ومعالجة بيانات,"تحليل احصائي, spss, طبي, statistics, شرح احصاء",https://khamsat.com/data/data-analytics/2750180-%D8%A7%D9%84%D8%AA%D8%AD%D9%84%D9%8A%D9%84-%D8%A7%D9%84%D8%A5%D8%AD%D8%B5%D8%A7%D8%A6%D9%8A-%D8%A8%D8%A7%D8%B3%D8%AA%D8%AE%D8%AF%D8%A7%D9%85-%D8%A8%D8%B1%D9%86%D8%A7%D9%85%D8%AC-spss-mintab-jasp
التحليل الإحصائي المتقدم باستخدام SPSS,أحمد ع.,1,1,منذ 8 أشهر و9 أيام,بيانات,تحليل ومعالجة بيانات,"استبيان, تحليل احصائي, spss, استبانة, إحصاء",https://khamsat.com/data/data-analytics/3194635-%D8%A7%D9%84%D8%AA%D8%AD%D9%84%D9%8A%D9%84-%D8%A7%D9%84%D8%A5%D8%AD%D8%B5%D8%A7%D8%A6%D9%8A-%D8%A7%D9%84%D9%85%D8%AA%D9%82%D8%AF%D9%85-%D8%A8%D8%A7%D8%B3%D8%AA%D8%AE%D8%AF%D8%A7%D9%85-spss
تحليل البيانات باستخدام Tableau وكتابة Insights تفيد العمل,.Diab S,1,1,منذ 3 أشهر و14 يوم,بيانات,تحليل ومعالجة بيانات,"بيزنس, تحليل بيانات, tableau, visualization, داشبورد",https://khamsat.com/data/data-analytics/3600325-%D8%AA%D8%AD%D9%84%D9%8A%D9%84-%D8%A7%D9%84%D8%A8%D9%8A%D8%A7%D9%86%D8%A7%D8%AA-%D8%A8%D8%A7%D8%B3%D8%AA%D8%AE%D8%AF%D8%A7%D9%85-tableau-%D9%88%D9%83%D8%AA%D8%A7%D8%A8%D8%A9-insights-%D8%AA%D9%81%D9%8A%D8%AF-%D8%A7%D9%84%D8%B9%D9%85%D9%84
التحليل الاحصائي عبر برنامج SPSS,.Mervat Y,3,3,منذ 7 أيام و14 ساعة,بيانات,تحليل ومعالجة بيانات,"تحليل, تحليل احصائي, بيانات, spss, استبانة",https://khamsat.com/data/data-analytics/2919150-%D8%A7%D9%84%D8%AA%D8%AD%D9%84%D9%8A%D9%84-%D8%A7%D9%84%D8%A7%D8%AD%D8%B5%D8%A7%D8%A6%D9%8A-%D8%B9%D8%A8%D8%B1-%D8%A8%D8%B1%D9%86%D8%A7%D9%85%D8%AC-spss
تحليل RFM دقيق لتحديد أفضل العملاء وتحسين الأرباح,يوسف ش.,1,1,منذ شهرين و27 يوم,بيانات,تحليل ومعالجة بيانات,"python, بايثون, بيانات, تحليل بيانات, data analysis",https://khamsat.com/data/data-analytics/3201150-%D8%AA%D8%AD%D9%84%D9%8A%D9%84-rfm-%D8%AF%D9%82%D9%8A%D9%82-%D9%84%D8%AA%D8%AD%D8%AF%D9%8A%D8%AF-%D8%A3%D9%81%D8%B6%D9%84-%D8%A7%D9%84%D8%B9%D9%85%D9%84%D8%A7%D8%A1-%D9%88%D8%AA%D8%AD%D8%B3%D9%8A%D9%86-%D8%A7%D9%84%D8%A3%D8%B1%D8%A8%D8%A7%D8%AD
التحليل الاحصائي باستخدام برنامج spss و برنامج E-views,.Hozaifa K,9,8,منذ سنة و4 أشهر,بيانات,تحليل ومعالجة بيانات,"تحليل احصائي, word, spss, استبيانات, تحليل بيانات, eviews, انحدار, arima model, بوكس جنكينز",https://khamsat.com/data/data-analytics/2702345-%D8%A7%D9%84%D8%AA%D8%AD%D9%84%D9%8A%D9%84-%D8%A7%D9%84%D8%A7%D8%AD%D8%B5%D8%A7%D8%A6%D9%8A-%D8%A8%D8%A7%D8%B3%D8%AA%D8%AE%D8%AF%D8%A7%D9%85-%D8%A8%D8%B1%D9%86%D8%A7%D9%85%D8%AC-spss-%D9%88-%D8%A8%D8%B1%D9%86%D8%A7%D9%85%D8%AC-e-views
تصميم داشبورد تفاعلى Interactive Dashboard بإستخدام Power BI,.Ramy A,1,1,منذ شهرين و12 يوم,بيانات,تحليل ومعالجة بيانات,"تفاعلية, dashboard, تحليل بيانات, dashboards, powerbi",https://khamsat.com/data/data-analytics/3625029-%D8%AA%D8%B5%D9%85%D9%8A%D9%85-%D8%AF%D8%A7%D8%B4%D8%A8%D9%88%D8%B1%D8%AF-%D8%AA%D9%81%D8%A7%D8%B9%D9%84%D9%89-interactive-dashboard-%D8%A8%D8%A5%D8%B3%D8%AA%D8%AE%D8%AF%D8%A7%D9%85-power-bi
تحليل البيانات باستخدام Excel,.Abdallah S,3,2,منذ شهر و16 يوم,بيانات,تحليل ومعالجة بيانات,"بيانات, microsoft excel, اكسل, dashboard, تحليل بيانات",https://khamsat.com/data/data-analytics/3503193-%D8%AA%D8%AD%D9%84%D9%8A%D9%84-%D8%A7%D9%84%D8%A8%D9%8A%D8%A7%D9%86%D8%A7%D8%AA-%D8%A8%D8%A7%D8%B3%D8%AA%D8%AE%D8%AF%D8%A7%D9%85-excel
تحليل البيانات واستخراج التقارير الاحترافيةExcelوpower bi,.Rahma R,2,2,منذ 11 يوم و12 ساعة,بيانات,تحليل ومعالجة بيانات,"excel, dashboard, تحليل البيانات, data analysis, power bi",https://khamsat.com/data/data-analytics/3741864-%D8%AA%D8%AD%D9%84%D9%8A%D9%84-%D8%A7%D9%84%D8%A8%D9%8A%D8%A7%D9%86%D8%A7%D8%AA-%D9%88%D8%A7%D8%B3%D8%AA%D8%AE%D8%B1%D8%A7%D8%AC-%D8%A7%D9%84%D8%AA%D9%82%D8%A7%D8%B1%D9%8A%D8%B1-%D8%A7%D9%84%D8%A7%D8%AD%D8%AA%D8%B1%D8%A7%D9%81%D9%8A%D8%A9excel%D9%88power-bi
"تحليل بيانات باستخدام power bi , excel داشبورد",يوسف ط.,2,1,منذ 17 يوم و11 ساعة,بيانات,تحليل ومعالجة بيانات,"excel, اكسل, dashboard, تحليل بيانات, power bi",https://khamsat.com/data/data-analytics/3790347-%D8%AA%D8%AD%D9%84%D9%8A%D9%84-%D8%A8%D9%8A%D8%A7%D9%86%D8%A7%D8%AA-%D8%A8%D8%A7%D8%B3%D8%AA%D8%AE%D8%AF%D8%A7%D9%85-power-bi-excel-%D8%AF%D8%A7%D8%B4%D8%A8%D9%88%D8%B1%D8%AF
تحليل البيانات باستخدام Tableau,.Adham H,9,4,منذ 12 شهر و6 ساعات,بيانات,تحليل ومعالجة بيانات,"تحليل احصائي, تحليل بيانات, tableau, داش بورد, تابلو",https://khamsat.com/data/data-analytics/2725542-%D8%AA%D8%AD%D9%84%D9%8A%D9%84-%D8%A7%D9%84%D8%A8%D9%8A%D8%A7%D9%86%D8%A7%D8%AA-%D8%A8%D8%A7%D8%B3%D8%AA%D8%AE%D8%AF%D8%A7%D9%85-tableau
"تحليل البينات بستخدام Excel, PowerBI, SQL",.Mahmoud A,2,1,منذ 9 أشهر و3 أيام,بيانات,تحليل ومعالجة بيانات,"excel, sql, تحليل بيانات, data analysis, power bi",https://khamsat.com/data/data-analytics/3119665-%D8%AA%D8%AD%D9%84%D9%8A%D9%84-%D8%A7%D9%84%D8%A8%D9%8A%D9%86%D8%A7%D8%AA-%D8%A8%D8%B3%D8%AA%D8%AE%D8%AF%D8%A7%D9%85-excel-powerbi-sql
تحليل البيانات وعمل داشبورد تفاعلية بإستخدام الأكسل Excel,.Ramy A,37,22,منذ 7 أيام و3 ساعات,بيانات,تحليل ومعالجة بيانات,"الاكسل, تحليل البيانات, dashboards, داشبورد",https://khamsat.com/data/data-analytics/2434927-%D8%AA%D8%AD%D9%84%D9%8A%D9%84-%D8%A7%D9%84%D8%A8%D9%8A%D8%A7%D9%86%D8%A7%D8%AA-%D9%88%D8%B9%D9%85%D9%84-%D8%AF%D8%A7%D8%B4%D8%A8%D9%88%D8%B1%D8%AF-%D8%AA%D9%81%D8%A7%D8%B9%D9%84%D9%8A%D8%A9-%D8%A8%D8%A5%D8%B3%D8%AA%D8%AE%D8%AF%D8%A7%D9%85-%D8%A7%D9%84%D8%A3%D9%83%D8%B3%D9%84-excel
تحليل البيانات واستعراضها باستخدام power Bi,.Hamed F,3,3,منذ 23 يوم و27 دقيقة,بيانات,تحليل ومعالجة بيانات,"تحليل بيانات, data analysis, visualization, dashboards, power bi",https://khamsat.com/data/data-analytics/3717670-%D8%AA%D8%AD%D9%84%D9%8A%D9%84-%D8%A7%D9%84%D8%A8%D9%8A%D8%A7%D9%86%D8%A7%D8%AA-%D9%88%D8%A7%D8%B3%D8%AA%D8%B9%D8%B1%D8%A7%D8%B6%D9%87%D8%A7-%D8%A8%D8%A7%D8%B3%D8%AA%D8%AE%D8%AF%D8%A7%D9%85-power-bi
تحليل بيانات احترافي باستخدام تقارير ولوحات معلومات تفاعلية,.Ahmed H,2,2,منذ شهر و17 ساعة,بيانات,تحليل ومعالجة بيانات,"تقارير, sql, تحليل بيانات, dashboards, power bi",https://khamsat.com/data/data-analytics/3732663-%D8%AA%D8%AD%D9%84%D9%8A%D9%84-%D8%A8%D9%8A%D8%A7%D9%86%D8%A7%D8%AA-%D8%A7%D8%AD%D8%AA%D8%B1%D8%A7%D9%81%D9%8A-%D8%A8%D8%A7%D8%B3%D8%AA%D8%AE%D8%AF%D8%A7%D9%85-%D8%AA%D9%82%D8%A7%D8%B1%D9%8A%D8%B1-%D9%88%D9%84%D9%88%D8%AD%D8%A7%D8%AA-%D9%85%D8%B9%D9%84%D9%88%D9%85%D8%A7%D8%AA-%D8%AA%D9%81%D8%A7%D8%B9%D9%84%D9%8A%D8%A9
تحليل إحصائى ببرنامجIBM  SPSS,احمد م.,2,2,منذ شهر و12 يوم,بيانات,تحليل ومعالجة بيانات,"تحليل احصائي, spss, استبيانات, تحليل بيانات, statistics",https://khamsat.com/data/data-analytics/3766212-%D8%AA%D8%AD%D9%84%D9%8A%D9%84-%D8%A5%D8%AD%D8%B5%D8%A7%D8%A6%D9%89-%D8%A8%D8%A8%D8%B1%D9%86%D8%A7%D9%85%D8%ACibm-spss
تحليل بياناتك في Excel مع تقارير ورسوم بيانية Dashboards,.Moamen S,5,5,منذ 19 يوم و23 ساعة,بيانات,تحليل ومعالجة بيانات,"microsoft excel, dashboard, data analysis, تنظيم بيانات, visualization",https://khamsat.com/data/data-analytics/3683391-%D8%AA%D8%AD%D9%84%D9%8A%D9%84-%D8%A8%D9%8A%D8%A7%D9%86%D8%A7%D8%AA%D9%83-%D9%81%D9%8A-excel-%D9%85%D8%B9-%D8%AA%D9%82%D8%A7%D8%B1%D9%8A%D8%B1-%D9%88%D8%B1%D8%B3%D9%88%D9%85-%D8%A8%D9%8A%D8%A7%D9%86%D9%8A%D8%A9-dashboards
تحليل البيانات وتصميم داشبورد باستخدام power BI,خلود ح.,1,1,منذ شهر و12 يوم,بيانات,تحليل ومعالجة بيانات,"تحليل البيانات, data analysis, visualization, power bi, داشبورد",https://khamsat.com/data/data-analytics/3793869-%D8%AA%D8%AD%D9%84%D9%8A%D9%84-%D8%A7%D9%84%D8%A8%D9%8A%D8%A7%D9%86%D8%A7%D8%AA-%D9%88%D8%AA%D8%B5%D9%85%D9%8A%D9%85-%D8%AF%D8%A7%D8%B4%D8%A8%D9%88%D8%B1%D8%AF-%D8%A8%D8%A7%D8%B3%D8%AA%D8%AE%D8%AF%D8%A7%D9%85-power-bi
تحليل البيانات وتصميم داشبورد باستخدام باور بي اي,.Israa A,2,2,منذ 6 أشهر و17 يوم,بيانات,تحليل ومعالجة بيانات,"تحليل البيانات, data analysis, power bi, داشبورد",https://khamsat.com/data/data-analytics/3317025-%D8%AA%D8%AD%D9%84%D9%8A%D9%84-%D8%A7%D9%84%D8%A8%D9%8A%D8%A7%D9%86%D8%A7%D8%AA-%D9%88%D8%AA%D8%B5%D9%85%D9%8A%D9%85-%D8%AF%D8%A7%D8%B4%D8%A8%D9%88%D8%B1%D8%AF-%D8%A8%D8%A7%D8%B3%D8%AA%D8%AE%D8%AF%D8%A7%D9%85-%D8%A8%D8%A7%D9%88%D8%B1-%D8%A8%D9%8A-%D8%A7%D9%8A
تحليل بيانات باستخدام Power BI,نسمه ح.,4,3,منذ 7 أشهر و23 ساعة,بيانات,تحليل ومعالجة بيانات,"dashboard, تحليل البيانات, data analysis, visualization, power bi",https://khamsat.com/data/data-analytics/3119641-%D8%AA%D8%AD%D9%84%D9%8A%D9%84-%D8%A8%D9%8A%D8%A7%D9%86%D8%A7%D8%AA-%D8%A8%D8%A7%D8%B3%D8%AA%D8%AE%D8%AF%D8%A7%D9%85-power-bi
انشاء داشبورد تفاعلي excel dashboard بشكل احترافي,.Norhan S,14,7,منذ 29 يوم وساعتين,بيانات,تحليل ومعالجة بيانات,"excel, اكسل, تفاعلي, dashboard, داشبورد",https://khamsat.com/data/data-analytics/2841677-%D8%A7%D9%86%D8%B4%D8%A7%D8%A1-%D8%AF%D8%A7%D8%B4%D8%A8%D9%88%D8%B1%D8%AF-%D8%AA%D9%81%D8%A7%D8%B9%D9%84%D9%8A-excel-dashboard-%D8%A8%D8%B4%D9%83%D9%84-%D8%A7%D8%AD%D8%AA%D8%B1%D8%A7%D9%81%D9%8A
تحليل احصائي للاستبيان باستخدام spss,.Nada D,25,16,منذ 8 أيام و22 ساعة,بيانات,تحليل ومعالجة بيانات,"تحليل, استبيان, احصائي, spss",https://khamsat.com/data/data-analytics/2273084-%D8%AA%D8%AD%D9%84%D9%8A%D9%84-%D8%A7%D8%AD%D8%B5%D8%A7%D8%A6%D9%8A-%D9%84%D9%84%D8%A7%D8%B3%D8%AA%D8%A8%D9%8A%D8%A7%D9%86-%D8%A8%D8%A7%D8%B3%D8%AA%D8%AE%D8%AF%D8%A7%D9%85-spss
تحليل البيانات باستخدام بايثون,.Manar H,1,1,منذ 5 أشهر و6 أيام,بيانات,تحليل ومعالجة بيانات,"python, data analysis, visualization, jupyter, pandas",https://khamsat.com/data/data-analytics/3227682-%D8%AA%D8%AD%D9%84%D9%8A%D9%84-%D8%A7%D9%84%D8%A8%D9%8A%D8%A7%D9%86%D8%A7%D8%AA-%D8%A8%D8%A7%D8%B3%D8%AA%D8%AE%D8%AF%D8%A7%D9%85-%D8%A8%D8%A7%D9%8A%D8%AB%D9%88%D9%86
تحليل البيانات وعرضها باستخدام بايثونPython,.Moamen S,2,2,منذ شهر و29 يوم,بيانات,تحليل ومعالجة بيانات,"python, بايثون, data analysis, visualization, pandas",https://khamsat.com/data/data-analytics/3599594-%D8%AA%D8%AD%D9%84%D9%8A%D9%84-%D8%A7%D9%84%D8%A8%D9%8A%D8%A7%D9%86%D8%A7%D8%AA-%D9%88%D8%B9%D8%B1%D8%B6%D9%87%D8%A7-%D8%A8%D8%A7%D8%B3%D8%AA%D8%AE%D8%AF%D8%A7%D9%85-%D8%A8%D8%A7%D9%8A%D8%AB%D9%88%D9%86python
إعداد تقارير تفاعلية باستخدام Power Bi,.Shaimaa H,2,2,منذ شهر و3 أيام,بيانات,تحليل ومعالجة بيانات,"python, dashboard, تحليل بيانات, data analysis, power bi",https://khamsat.com/data/data-analytics/3680341-%D8%A5%D8%B9%D8%AF%D8%A7%D8%AF-%D8%AA%D9%82%D8%A7%D8%B1%D9%8A%D8%B1-%D8%AA%D9%81%D8%A7%D8%B9%D9%84%D9%8A%D8%A9-%D8%A8%D8%A7%D8%B3%D8%AA%D8%AE%D8%AF%D8%A7%D9%85-power-bi
تحليل بيانات الأبحاث باستخدام الSPSS أو JAMOVI,محمدنور ع.,3,2,منذ 19 ساعة و37 دقيقة,بيانات,تحليل ومعالجة بيانات,"تحليل احصائي, spss, تحليل بيانات, data analysis",https://khamsat.com/data/data-analytics/3034616-%D8%AA%D8%AD%D9%84%D9%8A%D9%84-%D8%A8%D9%8A%D8%A7%D9%86%D8%A7%D8%AA-%D8%A7%D9%84%D8%A3%D8%A8%D8%AD%D8%A7%D8%AB-%D8%A8%D8%A7%D8%B3%D8%AA%D8%AE%D8%AF%D8%A7%D9%85-%D8%A7%D9%84spss-%D8%A3%D9%88-jamovi
تحليل البيانات وكتابة التحليلات الاكاديمية باستخدام spss,ساهر س.,1,0,Aucun avis,بيانات,تحليل ومعالجة بيانات,"كتابة, تحليل احصائي, spss, analysis, تحليل بيانات",https://khamsat.com/data/data-analytics/3793734-%D8%AA%D8%AD%D9%84%D9%8A%D9%84-%D8%A7%D9%84%D8%A8%D9%8A%D8%A7%D9%86%D8%A7%D8%AA-%D9%88%D9%83%D8%AA%D8%A7%D8%A8%D8%A9-%D8%A7%D9%84%D8%AA%D8%AD%D9%84%D9%8A%D9%84%D8%A7%D8%AA-%D8%A7%D9%84%D8%A7%D9%83%D8%A7%D8%AF%D9%8A%D9%85%D9%8A%D8%A9-%D8%A8%D8%A7%D8%B3%D8%AA%D8%AE%D8%AF%D8%A7%D9%85-spss
تحليل البيانات بإستخدام Power BI,.Yasmine E,8,6,منذ شهر ويومين,بيانات,تحليل ومعالجة بيانات,"excel, dashboard, تحليل بيانات, visualization, power bi",https://khamsat.com/data/data-analytics/3051752-%D8%AA%D8%AD%D9%84%D9%8A%D9%84-%D8%A7%D9%84%D8%A8%D9%8A%D8%A7%D9%86%D8%A7%D8%AA-%D8%A8%D8%A5%D8%B3%D8%AA%D8%AE%D8%AF%D8%A7%D9%85-power-bi
تحليل البيانات وكتابة تقارير باستخدام اكسيل,.Mohamed E,4,4,منذ سنة و6 أشهر,بيانات,تحليل ومعالجة بيانات,"تحليل احصائي, اكسيل, dashboard, تحليل بيانات, ادخل بيانات",https://khamsat.com/data/data-analytics/2393206-%D8%AA%D8%AD%D9%84%D9%8A%D9%84-%D8%A7%D9%84%D8%A8%D9%8A%D8%A7%D9%86%D8%A7%D8%AA-%D9%88%D9%83%D8%AA%D8%A7%D8%A8%D8%A9-%D8%AA%D9%82%D8%A7%D8%B1%D9%8A%D8%B1-%D8%A8%D8%A7%D8%B3%D8%AA%D8%AE%D8%AF%D8%A7%D9%85-%D8%A7%D9%83%D8%B3%D9%8A%D9%84
Dashboard  لوحات تفاعلية على برنامج Power BI,.Ahmed S,1,1,منذ 4 أشهر و17 يوم,بيانات,تحليل ومعالجة بيانات,"لوحات, تفاعلية, dashboard, power bi, داشبورد",https://khamsat.com/data/data-analytics/3410007-dashboard-%D9%84%D9%88%D8%AD%D8%A7%D8%AA-%D8%AA%D9%81%D8%A7%D8%B9%D9%84%D9%8A%D8%A9-%D8%B9%D9%84%D9%89-%D8%A8%D8%B1%D9%86%D8%A7%D9%85%D8%AC-power-bi
تحليل البيانات وعمل داشبورد بإستخدام Power Bi,حسام الدين ع.,7,6,منذ 15 يوم و5 ساعات,بيانات,تحليل ومعالجة بيانات,"تحليل, dashboard, data analysis, powerbi, داشبورد",https://khamsat.com/data/data-analytics/3196435-%D8%AA%D8%AD%D9%84%D9%8A%D9%84-%D8%A7%D9%84%D8%A8%D9%8A%D8%A7%D9%86%D8%A7%D8%AA-%D9%88%D8%B9%D9%85%D9%84-%D8%AF%D8%A7%D8%B4%D8%A8%D9%88%D8%B1%D8%AF-%D8%A8%D8%A5%D8%B3%D8%AA%D8%AE%D8%AF%D8%A7%D9%85-power-bi
تحليل البيانات وانشاء dashboard تفاعلية باستخدام Excel,.Mohamed A,3,1,منذ 9 أشهر و9 أيام,بيانات,تحليل ومعالجة بيانات,"excel, تقارير, dashboard, تحليل البيانات, data analysis",https://khamsat.com/data/data-analytics/3059333-%D8%AA%D8%AD%D9%84%D9%8A%D9%84-%D8%A7%D9%84%D8%A8%D9%8A%D8%A7%D9%86%D8%A7%D8%AA-%D9%88%D8%A7%D9%86%D8%B4%D8%A7%D8%A1-dashboard-%D8%AA%D9%81%D8%A7%D8%B9%D9%84%D9%8A%D8%A9-%D8%A8%D8%A7%D8%B3%D8%AA%D8%AE%D8%AF%D8%A7%D9%85-excel
Dashboard  لوحات تفاعلية على برنامج Power BI,.Ahmed S,1,1,منذ 4 أشهر و17 يوم,بيانات,تحليل ومعالجة بيانات,"لوحات, تفاعلية, dashboard, power bi, داشبورد",https://khamsat.com/data/data-analytics/3410007-dashboard-%D9%84%D9%88%D8%AD%D8%A7%D8%AA-%D8%AA%D9%81%D8%A7%D8%B9%D9%84%D9%8A%D8%A9-%D8%B9%D9%84%D9%89-%D8%A8%D8%B1%D9%86%D8%A7%D9%85%D8%AC-power-bi
تحليل بيانات احترافي وبدقة باستخدام Microsoft Power BI,.Nourhan A,2,2,منذ 8 أيام و56 دقيقة,بيانات,تحليل ومعالجة بيانات,"تحليل بيانات, data analysis, dashboards, power bi, داشبورد",https://khamsat.com/data/data-analytics/3110496-%D8%AA%D8%AD%D9%84%D9%8A%D9%84-%D8%A8%D9%8A%D8%A7%D9%86%D8%A7%D8%AA-%D8%A7%D8%AD%D8%AA%D8%B1%D8%A7%D9%81%D9%8A-%D9%88%D8%A8%D8%AF%D9%82%D8%A9-%D8%A8%D8%A7%D8%B3%D8%AA%D8%AE%D8%AF%D8%A7%D9%85-microsoft-power-bi
تحليل بيانات البحوث الأكاديمية باستعمال الـ SPSS,.Chaima Z,45,31,منذ سنة وشهر,بيانات,تحليل ومعالجة بيانات,"احصاء, تحليل بيانات, تحليل البيانات",https://khamsat.com/data/data-analytics/2450869-%D8%AA%D8%AD%D9%84%D9%8A%D9%84-%D8%A8%D9%8A%D8%A7%D9%86%D8%A7%D8%AA-%D8%A7%D9%84%D8%A8%D8%AD%D9%88%D8%AB-%D8%A7%D9%84%D8%A3%D9%83%D8%A7%D8%AF%D9%8A%D9%85%D9%8A%D8%A9-%D8%A8%D8%A7%D8%B3%D8%AA%D8%B9%D9%85%D8%A7%D9%84-%D8%A7%D9%84%D9%80-spss
تحليل البيانات باستخدام Excel,.Adham H,7,7,منذ 29 يوم و20 ساعة,بيانات,تحليل ومعالجة بيانات,"اكسل, تحليل بيانات, تحليل البيانات, داش بورد, داشبورد",https://khamsat.com/data/data-analytics/2899689-%D8%AA%D8%AD%D9%84%D9%8A%D9%84-%D8%A7%D9%84%D8%A8%D9%8A%D8%A7%D9%86%D8%A7%D8%AA-%D8%A8%D8%A7%D8%B3%D8%AA%D8%AE%D8%AF%D8%A7%D9%85-excel
التحليل الأحصائى باستخدام برنامج spss  او برنامج Amos,.Maher M,2,2,منذ سنة و3 أشهر,بيانات,تحليل ومعالجة بيانات,"ماجستير, spss, الاحصائي, إستبيان, amos",https://khamsat.com/data/data-analytics/2714094-%D8%A7%D9%84%D8%AA%D8%AD%D9%84%D9%8A%D9%84-%D8%A7%D9%84%D8%A3%D8%AD%D8%B5%D8%A7%D8%A6%D9%89-%D8%A8%D8%A7%D8%B3%D8%AA%D8%AE%D8%AF%D8%A7%D9%85-%D8%A8%D8%B1%D9%86%D8%A7%D9%85%D8%AC-spss-%D8%A7%D9%88-%D8%A8%D8%B1%D9%86%D8%A7%D9%85%D8%AC-amos
Dashboard لوحات تفاعلية على برنامج Power BI,.Mohamed A,2,1,منذ 27 يوم و3 ساعات,بيانات,تحليل ومعالجة بيانات,"تصميم, excel, powerbi, داش بورد, داشبورد",https://khamsat.com/data/data-analytics/3891953-dashboard-%D9%84%D9%88%D8%AD%D8%A7%D8%AA-%D8%AA%D9%81%D8%A7%D8%B9%D9%84%D9%8A%D8%A9-%D8%B9%D9%84%D9%89-%D8%A8%D8%B1%D9%86%D8%A7%D9%85%D8%AC-power-bi
تحليل البيانات باستخدام الاكسلExcel,.Reda A,8,7,منذ 21 يوم وساعتين,بيانات,تحليل ومعالجة بيانات,"excel, اكسيل, dashboard, تحليل بيانات, داش بورد",https://khamsat.com/data/data-analytics/3182390-%D8%AA%D8%AD%D9%84%D9%8A%D9%84-%D8%A7%D9%84%D8%A8%D9%8A%D8%A7%D9%86%D8%A7%D8%AA-%D8%A8%D8%A7%D8%B3%D8%AA%D8%AE%D8%AF%D8%A7%D9%85-%D8%A7%D9%84%D8%A7%D9%83%D8%B3%D9%84excel
تحليل بيانات باستخدام بايثون,.Markos A,1,1,منذ شهر و9 أيام,بيانات,تحليل ومعالجة بيانات,"python, بايثون, analysis, تحليل بيانات, pandas",https://khamsat.com/data/data-analytics/3798728-%D8%AA%D8%AD%D9%84%D9%8A%D9%84-%D8%A8%D9%8A%D8%A7%D9%86%D8%A7%D8%AA-%D8%A8%D8%A7%D8%B3%D8%AA%D8%AE%D8%AF%D8%A7%D9%85-%D8%A8%D8%A7%D9%8A%D8%AB%D9%88%D9%86
خدمة تحليل البيانات ب إكسل Excel و إنشاء داشبورد احترافية,مريهان م.,2,2,منذ 26 يوم و10 ساعات,بيانات,تحليل ومعالجة بيانات,"excel, اكسل, dashboard, power bi, داشبورد",https://khamsat.com/data/data-analytics/3846696-%D8%AE%D8%AF%D9%85%D8%A9-%D8%AA%D8%AD%D9%84%D9%8A%D9%84-%D8%A7%D9%84%D8%A8%D9%8A%D8%A7%D9%86%D8%A7%D8%AA-%D8%A8-%D8%A5%D9%83%D8%B3%D9%84-excel-%D9%88-%D8%A5%D9%86%D8%B4%D8%A7%D8%A1-%D8%AF%D8%A7%D8%B4%D8%A8%D9%88%D8%B1%D8%AF-%D8%A7%D8%AD%D8%AA%D8%B1%D8%A7%D9%81%D9%8A%D8%A9
تحليل بيانات وعمل داشبورد تفاعلية,فاطمه ن.,3,2,منذ 8 أشهر ويومين,بيانات,تحليل ومعالجة بيانات,"تحليل بيانات, داشبورد",https://khamsat.com/data/data-analytics/3141327-%D8%AA%D8%AD%D9%84%D9%8A%D9%84-%D8%A8%D9%8A%D8%A7%D9%86%D8%A7%D8%AA-%D9%88%D8%B9%D9%85%D9%84-%D8%AF%D8%A7%D8%B4%D8%A8%D9%88%D8%B1%D8%AF-%D8%AA%D9%81%D8%A7%D8%B9%D9%84%D9%8A%D8%A9
تحليل للبيانات مع تقارير و Dashboards بطريقة احترافية,هند أ.,1,1,منذ 24 يوم و8 ساعات,بيانات,تحليل ومعالجة بيانات,"تقارير, بيانات, باوربوينت, تحليل بيانات, داشبورد",https://khamsat.com/data/data-analytics/3830379-%D8%AA%D8%AD%D9%84%D9%8A%D9%84-%D9%84%D9%84%D8%A8%D9%8A%D8%A7%D9%86%D8%A7%D8%AA-%D9%85%D8%B9-%D8%AA%D9%82%D8%A7%D8%B1%D9%8A%D8%B1-%D9%88-dashboards-%D8%A8%D8%B7%D8%B1%D9%8A%D9%82%D8%A9-%D8%A7%D8%AD%D8%AA%D8%B1%D8%A7%D9%81%D9%8A%D8%A9
إنشاء لوحة تحكم تفاعلية  Dashboard وتحليل بياناتك باحتراف,.Mariam M,1,1,منذ شهر و14 يوم,بيانات,تحليل ومعالجة بيانات,"excel, dashboard, تحليل بيانات, data analysis, power bi",https://khamsat.com/data/data-analytics/3798091-%D8%A5%D9%86%D8%B4%D8%A7%D8%A1-%D9%84%D9%88%D8%AD%D8%A9-%D8%AA%D8%AD%D9%83%D9%85-%D8%AA%D9%81%D8%A7%D8%B9%D9%84%D9%8A%D8%A9-dashboard-%D9%88%D8%AA%D8%AD%D9%84%D9%8A%D9%84-%D8%A8%D9%8A%D8%A7%D9%86%D8%A7%D8%AA%D9%83-%D8%A8%D8%A7%D8%AD%D8%AA%D8%B1%D8%A7%D9%81
نظام الفواتير والمخزون وحساب الأرباح للمشروعات التجارية,.Mona A,1,1,منذ 7 أيام و16 ساعة,بيانات,تحليل ومعالجة بيانات,"حسابات, اكسيل, المبيعات, المشتريات, مخزون",https://khamsat.com/data/data-analytics/3059993-%D9%86%D8%B8%D8%A7%D9%85-%D8%A7%D9%84%D9%81%D9%88%D8%A7%D8%AA%D9%8A%D8%B1-%D9%88%D8%A7%D9%84%D9%85%D8%AE%D8%B2%D9%88%D9%86-%D9%88%D8%AD%D8%B3%D8%A7%D8%A8-%D8%A7%D9%84%D8%A3%D8%B1%D8%A8%D8%A7%D8%AD-%D9%84%D9%84%D9%85%D8%B4%D8%B1%D9%88%D8%B9%D8%A7%D8%AA-%D8%A7%D9%84%D8%AA%D8%AC%D8%A7%D8%B1%D9%8A%D8%A9
تحليل بيانات باستخدام  sql,جهاد م.,1,1,منذ شهر و12 يوم,بيانات,تحليل ومعالجة بيانات,"بايثون, sql, اكسيل, data analysis, powerbi",https://khamsat.com/data/data-analytics/3796892-%D8%AA%D8%AD%D9%84%D9%8A%D9%84-%D8%A8%D9%8A%D8%A7%D9%86%D8%A7%D8%AA-%D8%A8%D8%A7%D8%B3%D8%AA%D8%AE%D8%AF%D8%A7%D9%85-sql
تصميم لوحات تحكم تفاعلية Dashboard احترافية,.Alzahraa G,1,1,منذ شهر و17 يوم,بيانات,تحليل ومعالجة بيانات,"dashboard, تحليل بيانات, data analysis, visualization, powerbi",https://khamsat.com/data/data-analytics/3794272-%D8%AA%D8%B5%D9%85%D9%8A%D9%85-%D9%84%D9%88%D8%AD%D8%A7%D8%AA-%D8%AA%D8%AD%D9%83%D9%85-%D8%AA%D9%81%D8%A7%D8%B9%D9%84%D9%8A%D8%A9-dashboard-%D8%A7%D8%AD%D8%AA%D8%B1%D8%A7%D9%81%D9%8A%D8%A9
تحليل وتصوير البيانات Data Analysis  Visualization,.Mohamed E,1,1,منذ 12 يوم و20 ساعة,بيانات,تحليل ومعالجة بيانات,"python, بايثون, تحليل البيانات, visualization, matplotlib",https://khamsat.com/data/data-analytics/3690438-%D8%AA%D8%AD%D9%84%D9%8A%D9%84-%D9%88%D8%AA%D8%B5%D9%88%D9%8A%D8%B1-%D8%A7%D9%84%D8%A8%D9%8A%D8%A7%D9%86%D8%A7%D8%AA-data-analysis-visualization
تحليل البيانات باستخدام Power BI,محمد ح.,3,3,منذ شهرين و19 يوم,بيانات,تحليل ومعالجة بيانات,"excel, تحليل بيانات, data analysis, power bi, داشبورد",https://khamsat.com/data/data-analytics/3706083-%D8%AA%D8%AD%D9%84%D9%8A%D9%84-%D8%A7%D9%84%D8%A8%D9%8A%D8%A7%D9%86%D8%A7%D8%AA-%D8%A8%D8%A7%D8%B3%D8%AA%D8%AE%D8%AF%D8%A7%D9%85-power-bi
تحليل بيانات وإنشاء داشبورد تفاعلى باستخدام إكسل,.Nora R,1,1,منذ 25 يوم وساعة,بيانات,تحليل ومعالجة بيانات,"تقارير, بيانات, اكسيل, تحليل البيانات, داشبورد",https://khamsat.com/data/data-analytics/3777547-%D8%AA%D8%AD%D9%84%D9%8A%D9%84-%D8%A8%D9%8A%D8%A7%D9%86%D8%A7%D8%AA-%D9%88%D8%A5%D9%86%D8%B4%D8%A7%D8%A1-%D8%AF%D8%A7%D8%B4%D8%A8%D9%88%D8%B1%D8%AF-%D8%AA%D9%81%D8%A7%D8%B9%D9%84%D9%89-%D8%A8%D8%A7%D8%B3%D8%AA%D8%AE%D8%AF%D8%A7%D9%85-%D8%A5%D9%83%D8%B3%D9%84
تحليل ومعالجة البيانات وعرض النتائج بطريقة مبسطة وواضحة,.Doaa A,1,1,منذ 24 يوم و13 دقيقة,بيانات,تحليل ومعالجة بيانات,"excel, sql, تحليل بيانات, visualization, داشبورد",https://khamsat.com/data/data-analytics/3701056-%D8%AA%D8%AD%D9%84%D9%8A%D9%84-%D9%88%D9%85%D8%B9%D8%A7%D9%84%D8%AC%D8%A9-%D8%A7%D9%84%D8%A8%D9%8A%D8%A7%D9%86%D8%A7%D8%AA-%D9%88%D8%B9%D8%B1%D8%B6-%D8%A7%D9%84%D9%86%D8%AA%D8%A7%D8%A6%D8%AC-%D8%A8%D8%B7%D8%B1%D9%8A%D9%82%D8%A9-%D9%85%D8%A8%D8%B3%D8%B7%D8%A9-%D9%88%D9%88%D8%A7%D8%B6%D8%AD%D8%A9
تحليل لوحة تحكم الموارد البشرية ومعدل دوران الموظفين,.Shaimaa H,1,1,منذ 3 أشهر و9 أيام,بيانات,تحليل ومعالجة بيانات,"اكسل, تحليل بيانات, sqlserver, data analysis, powerbi",https://khamsat.com/data/data-analytics/3225320-%D8%AA%D8%AD%D9%84%D9%8A%D9%84-%D9%84%D9%88%D8%AD%D8%A9-%D8%AA%D8%AD%D9%83%D9%85-%D8%A7%D9%84%D9%85%D9%88%D8%A7%D8%B1%D8%AF-%D8%A7%D9%84%D8%A8%D8%B4%D8%B1%D9%8A%D8%A9-%D9%88%D9%85%D8%B9%D8%AF%D9%84-%D8%AF%D9%88%D8%B1%D8%A7%D9%86-%D8%A7%D9%84%D9%85%D9%88%D8%B8%D9%81%D9%8A%D9%86
"تحليل احصائية و تقارير تفاعلية باستخدام Tableau, Power-Bi",.Mohamed E,3,3,منذ شهرين و10 أيام,بيانات,تحليل ومعالجة بيانات,"report, analysis, dashboard, tableau, power bi",https://khamsat.com/data/data-analytics/2386061-%D8%AA%D8%AD%D9%84%D9%8A%D9%84-%D8%A7%D8%AD%D8%B5%D8%A7%D8%A6%D9%8A%D8%A9-%D9%88-%D8%AA%D9%82%D8%A7%D8%B1%D9%8A%D8%B1-%D8%AA%D9%81%D8%A7%D8%B9%D9%84%D9%8A%D8%A9-%D8%A8%D8%A7%D8%B3%D8%AA%D8%AE%D8%AF%D8%A7%D9%85-tableau-power-bi
تحليل بيانات احترافي وتصميم تقارير بصرية,كيرلس ش.,1,1,منذ شهر و6 أيام,بيانات,تحليل ومعالجة بيانات,"python, تحليل بيانات, تحليل البيانات, visualization, رسوم_بيانيه",https://khamsat.com/data/data-analytics/3821989-%D8%AA%D8%AD%D9%84%D9%8A%D9%84-%D8%A8%D9%8A%D8%A7%D9%86%D8%A7%D8%AA-%D8%A7%D8%AD%D8%AA%D8%B1%D8%A7%D9%81%D9%8A-%D9%88%D8%AA%D8%B5%D9%85%D9%8A%D9%85-%D8%AA%D9%82%D8%A7%D8%B1%D9%8A%D8%B1-%D8%A8%D8%B5%D8%B1%D9%8A%D8%A9
التحليل الاحصائى للرسائل  العملية باستخدام SAS & jmp,.Zeinab O,1,1,منذ 4 أشهر و25 يوم,بيانات,تحليل ومعالجة بيانات,"تحليل احصائي, بيانات, جداول, sas, jmp",https://khamsat.com/data/data-analytics/3097761-%D8%A7%D9%84%D8%AA%D8%AD%D9%84%D9%8A%D9%84-%D8%A7%D9%84%D8%A7%D8%AD%D8%B5%D8%A7%D8%A6%D9%89-%D9%84%D9%84%D8%B1%D8%B3%D8%A7%D8%A6%D9%84-%D8%A7%D9%84%D8%B9%D9%85%D9%84%D9%8A%D8%A9-%D8%A8%D8%A7%D8%B3%D8%AA%D8%AE%D8%AF%D8%A7%D9%85-sas-jmp
تحليل بيانات باستخدام بايثون  تنظيف  استكشاف  واستخراج رؤى,سجود أ.,1,1,منذ 3 أشهر و28 يوم,بيانات,تحليل ومعالجة بيانات,"python, تحليل بيانات, استخراج البيانات, visualization, pandas",https://khamsat.com/data/data-analytics/3640770-%D8%AA%D8%AD%D9%84%D9%8A%D9%84-%D8%A8%D9%8A%D8%A7%D9%86%D8%A7%D8%AA-%D8%A8%D8%A7%D8%B3%D8%AA%D8%AE%D8%AF%D8%A7%D9%85-%D8%A8%D8%A7%D9%8A%D8%AB%D9%88%D9%86-%D8%AA%D9%86%D8%B8%D9%8A%D9%81-%D8%A7%D8%B3%D8%AA%D9%83%D8%B4%D8%A7%D9%81-%D9%88%D8%A7%D8%B3%D8%AA%D8%AE%D8%B1%D8%A7%D8%AC-%D8%B1%D8%A4%D9%89
تنظيف وتجهيز بيانات Excel إكسل المعقدة وتحليلها بدقة عالية,عدي ا.,1,1,منذ شهر و6 أيام,بيانات,تحليل ومعالجة بيانات,"excel, اكسل, data entry, معادلات, تحليل بيانات",https://khamsat.com/data/data-analytics/3858108-%D8%AA%D9%86%D8%B8%D9%8A%D9%81-%D9%88%D8%AA%D8%AC%D9%87%D9%8A%D8%B2-%D8%A8%D9%8A%D8%A7%D9%86%D8%A7%D8%AA-excel-%D8%A5%D9%83%D8%B3%D9%84-%D8%A7%D9%84%D9%85%D8%B9%D9%82%D8%AF%D8%A9-%D9%88%D8%AA%D8%AD%D9%84%D9%8A%D9%84%D9%87%D8%A7-%D8%A8%D8%AF%D9%82%D8%A9-%D8%B9%D8%A7%D9%84%D9%8A%D8%A9
إنشاء تقارير باستخدام Power BI,جهاد و.,4,3,منذ سنة ويوم,بيانات,تحليل ومعالجة بيانات,"تحليل, تقارير, تحليل بيانات, رسوم بيانية, power bi",https://khamsat.com/data/data-analytics/3052679-%D8%A5%D9%86%D8%B4%D8%A7%D8%A1-%D8%AA%D9%82%D8%A7%D8%B1%D9%8A%D8%B1-%D8%A8%D8%A7%D8%B3%D8%AA%D8%AE%D8%AF%D8%A7%D9%85-power-bi
تحليل بيانات وتصميم داشبورد Power BI -Excel - data cleaning,.Mahmoud S,1,1,منذ 22 يوم و19 ساعة,بيانات,تحليل ومعالجة بيانات,"تحليل, اكسل, dashboard, تحليل البيانات, power bi",https://khamsat.com/data/data-analytics/3817766-%D8%AA%D8%AD%D9%84%D9%8A%D9%84-%D8%A8%D9%8A%D8%A7%D9%86%D8%A7%D8%AA-%D9%88%D8%AA%D8%B5%D9%85%D9%8A%D9%85-%D8%AF%D8%A7%D8%B4%D8%A8%D9%88%D8%B1%D8%AF-power-bi-excel-data-cleaning
تحليل بياناتك باستخدام Excel ورسوم بيانية Dashboards,.Mostafa T,1,1,منذ 16 يوم و8 دقائق,بيانات,تحليل ومعالجة بيانات,"اكسيل, microsoft excel, dashboard, data analysis, visualization",https://khamsat.com/data/data-analytics/3763246-%D8%AA%D8%AD%D9%84%D9%8A%D9%84-%D8%A8%D9%8A%D8%A7%D9%86%D8%A7%D8%AA%D9%83-%D8%A8%D8%A7%D8%B3%D8%AA%D8%AE%D8%AF%D8%A7%D9%85-excel-%D9%88%D8%B1%D8%B3%D9%88%D9%85-%D8%A8%D9%8A%D8%A7%D9%86%D9%8A%D8%A9-dashboards
الصفحة المطلوبة غير موجودة,Non trouvé,Non trouvé,Non trouvé,Aucun avis,Inconnu,Inconnu,Aucun tag,https://khamsat.com/data/data-analytics/3074987-%D8%AA%D8%AD%D9%84%D9%8A%D9%84-%D8%A8%D9%8A%D8%A7%D9%86%D8%A7%D8%AA-%D8%A8%D8%A7%D8%B3%D8%AA%D8%AE%D8%AF%D8%A7%D9%85-excel-python-sql%D9%88-power-bi
الصفحة المطلوبة غير موجودة,Non trouvé,Non trouvé,Non trouvé,Aucun avis,Inconnu,Inconnu,Aucun tag,https://khamsat.com/data/data-analytics/3074987-%D8%AA%D8%AD%D9%84%D9%8A%D9%84-%D8%A8%D9%8A%D8%A7%D9%86%D8%A7%D8%AA-%D8%A8%D8%A7%D8%B3%D8%AA%D8%AE%D8%AF%D8%A7%D9%85-excel-python-sql%D9%88-power-bi
تحليل البيانات وتصميم داشبورد تفاعلي باستخدام Power BI,.Baseem F,1,1,منذ شهر و9 أيام,بيانات,تحليل ومعالجة بيانات,"dashboard, تحليل بيانات, data analysis, power bi, داشبورد",https://khamsat.com/data/data-analytics/3851922-%D8%AA%D8%AD%D9%84%D9%8A%D9%84-%D8%A7%D9%84%D8%A8%D9%8A%D8%A7%D9%86%D8%A7%D8%AA-%D9%88%D8%AA%D8%B5%D9%85%D9%8A%D9%85-%D8%AF%D8%A7%D8%B4%D8%A8%D9%88%D8%B1%D8%AF-%D8%AA%D9%81%D8%A7%D8%B9%D9%84%D9%8A-%D8%A8%D8%A7%D8%B3%D8%AA%D8%AE%D8%AF%D8%A7%D9%85-power-bi
التحليل الاحصائي للبيانات,.Sousan S,6,4,منذ سنة و4 أشهر,بيانات,تحليل ومعالجة بيانات,"تحليل احصائي, بيانات, spss, استبيانات, تحليل البيانات",https://khamsat.com/data/data-analytics/2877148-%D8%A7%D9%84%D8%AA%D8%AD%D9%84%D9%8A%D9%84-%D8%A7%D9%84%D8%A7%D8%AD%D8%B5%D8%A7%D8%A6%D9%8A-%D9%84%D9%84%D8%A8%D9%8A%D8%A7%D9%86%D8%A7%D8%AA
تحويل ملفات Word إلى Excel,.Sherif H,0,0,Aucun avis,بيانات,تحليل ومعالجة بيانات,"excel, تحويل, word",https://khamsat.com/data/data-analytics/3676173-%D8%AA%D8%AD%D9%88%D9%8A%D9%84-%D9%85%D9%84%D9%81%D8%A7%D8%AA-word-%D8%A5%D9%84%D9%89-excel
إنشاء وتصميم ملف إكسل احترافي  تحليل معادلات جداول,أغيد ا.,2,2,منذ شهرين و19 يوم,بيانات,تحليل ومعالجة بيانات,"excel, إكسل, جداول, تحليل البيانات, sheets",https://khamsat.com/data/data-analytics/3196179-%D8%A5%D9%86%D8%B4%D8%A7%D8%A1-%D9%88%D8%AA%D8%B5%D9%85%D9%8A%D9%85-%D9%85%D9%84%D9%81-%D8%A5%D9%83%D8%B3%D9%84-%D8%A7%D8%AD%D8%AA%D8%B1%D8%A7%D9%81%D9%8A-%D8%AA%D8%AD%D9%84%D9%8A%D9%84-%D9%85%D8%B9%D8%A7%D8%AF%D9%84%D8%A7%D8%AA-%D8%AC%D8%AF%D8%A7%D9%88%D9%84
تصميم وبرمجة شيتات إكسيل احترافية لتنظيم بياناتك بدقة وسهولة,.Ahmed R,2,2,منذ شهر و4 ساعات,بيانات,تحليل ومعالجة بيانات,"excel, لوحة تحكم, اكسيل, data analysis, داشبورد",https://khamsat.com/data/data-analytics/3409103-%D8%AA%D8%B5%D9%85%D9%8A%D9%85-%D9%88%D8%A8%D8%B1%D9%85%D8%AC%D8%A9-%D8%B4%D9%8A%D8%AA%D8%A7%D8%AA-%D8%A5%D9%83%D8%B3%D9%8A%D9%84-%D8%A7%D8%AD%D8%AA%D8%B1%D8%A7%D9%81%D9%8A%D8%A9-%D9%84%D8%AA%D9%86%D8%B8%D9%8A%D9%85-%D8%A8%D9%8A%D8%A7%D9%86%D8%A7%D8%AA%D9%83-%D8%A8%D8%AF%D9%82%D8%A9-%D9%88%D8%B3%D9%87%D9%88%D9%84%D8%A9
تحليل البيانات الاحصائية,.Mostefa A,27,20,منذ سنة و7 أشهر,بيانات,تحليل ومعالجة بيانات,"excel, تحليل, احصائي, spss, eviews",https://khamsat.com/data/data-analytics/1020182-%D8%AA%D8%AD%D9%84%D9%8A%D9%84-%D8%A7%D9%84%D8%A8%D9%8A%D8%A7%D9%86%D8%A7%D8%AA-%D8%A7%D9%84%D8%A7%D8%AD%D8%B5%D8%A7%D8%A6%D9%8A%D8%A9
التحليل الاحصائي باستخدام برنامج AMOS,مهند علي ك.,25,12,منذ شهرين و25 يوم,بيانات,تحليل ومعالجة بيانات,"تحليل, احصائي, بيانات, spss, احصائيات, التحليل, إحصاء, الاحصائي, cfa, amos",https://khamsat.com/data/data-analytics/1510571-%D8%A7%D9%84%D8%AA%D8%AD%D9%84%D9%8A%D9%84-%D8%A7%D9%84%D8%A7%D8%AD%D8%B5%D8%A7%D8%A6%D9%8A-%D8%A8%D8%A7%D8%B3%D8%AA%D8%AE%D8%AF%D8%A7%D9%85-%D8%A8%D8%B1%D9%86%D8%A7%D9%85%D8%AC-amos
تحليل بيانات و تصميم داش بورد احترافية,.Kirollos W,1,0,Aucun avis,بيانات,تحليل ومعالجة بيانات,"اكسل, dashboard, تحليل بيانات, power bi, داش بورد",https://khamsat.com/data/data-analytics/3776420-%D8%AA%D8%AD%D9%84%D9%8A%D9%84-%D8%A8%D9%8A%D8%A7%D9%86%D8%A7%D8%AA-%D9%88-%D8%AA%D8%B5%D9%85%D9%8A%D9%85-%D8%AF%D8%A7%D8%B4-%D8%A8%D9%88%D8%B1%D8%AF-%D8%A7%D8%AD%D8%AA%D8%B1%D8%A7%D9%81%D9%8A%D8%A9
التحليل الأحصائي باستخدام ميكروسوفت اكسيل,اسراء ع.,7,6,منذ 3 أشهر و6 أيام,بيانات,تحليل ومعالجة بيانات,"تحليل, احصائي",https://khamsat.com/data/data-analytics/3048808-%D8%A7%D9%84%D8%AA%D8%AD%D9%84%D9%8A%D9%84-%D8%A7%D9%84%D8%A3%D8%AD%D8%B5%D8%A7%D8%A6%D9%8A-%D8%A8%D8%A7%D8%B3%D8%AA%D8%AE%D8%AF%D8%A7%D9%85-%D9%85%D9%8A%D9%83%D8%B1%D9%88%D8%B3%D9%88%D9%81%D8%AA-%D8%A7%D9%83%D8%B3%D9%8A%D9%84
خدمة التحليل الاحصائي بواسطة برنامج SPSS,ياسمين ع.,23,20,منذ 25 يوم و6 ساعات,بيانات,تحليل ومعالجة بيانات,"تحليل, عمل, برنامج, إدخال, بيانات, spss, جدول, استبانة, تحليلات, إحصائى",https://khamsat.com/data/data-analytics/2300984-%D8%AE%D8%AF%D9%85%D8%A9-%D8%A7%D9%84%D8%AA%D8%AD%D9%84%D9%8A%D9%84-%D8%A7%D9%84%D8%A7%D8%AD%D8%B5%D8%A7%D8%A6%D9%8A-%D8%A8%D9%88%D8%A7%D8%B3%D8%B7%D8%A9-%D8%A8%D8%B1%D9%86%D8%A7%D9%85%D8%AC-spss
تحليل البيانات وعرضها بتقارير احترافية باستخدام Excel وPower,.Abdel Rahman M,2,1,منذ شهر و16 يوم,بيانات,تحليل ومعالجة بيانات,"excel, تقارير, dashboard, تحليل بيانات, power bi",https://khamsat.com/data/data-analytics/3720234-%D8%AA%D8%AD%D9%84%D9%8A%D9%84-%D8%A7%D9%84%D8%A8%D9%8A%D8%A7%D9%86%D8%A7%D8%AA-%D9%88%D8%B9%D8%B1%D8%B6%D9%87%D8%A7-%D8%A8%D8%AA%D9%82%D8%A7%D8%B1%D9%8A%D8%B1-%D8%A7%D8%AD%D8%AA%D8%B1%D8%A7%D9%81%D9%8A%D8%A9-%D8%A8%D8%A7%D8%B3%D8%AA%D8%AE%D8%AF%D8%A7%D9%85-excel-%D9%88power
إنشاء داشبورد Power BI احترافي لعرض وتحليل بياناتك,عبدالرحمن ج.,5,5,منذ 3 أشهر و27 يوم,بيانات,تحليل ومعالجة بيانات,"لوحة تحكم, dashboard, تحليل بيانات, powerbi, داشبورد",https://khamsat.com/data/data-analytics/3294063-%D8%A5%D9%86%D8%B4%D8%A7%D8%A1-%D8%AF%D8%A7%D8%B4%D8%A8%D9%88%D8%B1%D8%AF-power-bi-%D8%A7%D8%AD%D8%AA%D8%B1%D8%A7%D9%81%D9%8A-%D9%84%D8%B9%D8%B1%D8%B6-%D9%88%D8%AA%D8%AD%D9%84%D9%8A%D9%84-%D8%A8%D9%8A%D8%A7%D9%86%D8%A7%D8%AA%D9%83
داشبورد تفاعلى باستخدام Tableau or Power BI,.Dalia F,2,1,منذ 7 أشهر و6 أيام,بيانات,تحليل ومعالجة بيانات,"اكسل, tableau, تحليل البيانات, power bi, داشبورد",https://khamsat.com/data/data-analytics/3296298-%D8%AF%D8%A7%D8%B4%D8%A8%D9%88%D8%B1%D8%AF-%D8%AA%D9%81%D8%A7%D8%B9%D9%84%D9%89-%D8%A8%D8%A7%D8%B3%D8%AA%D8%AE%D8%AF%D8%A7%D9%85-tableau-or-power-bi
معالجه، تحليل و تصور البيانات باستخدام اكسيل,.Nourhan K,2,1,منذ شهر و13 يوم,بيانات,تحليل ومعالجة بيانات,"تحليل احصائي, تحليل بيانات, data analysis, visualization",https://khamsat.com/data/data-analytics/3843574-%D9%85%D8%B9%D8%A7%D9%84%D8%AC%D9%87-%D8%AA%D8%AD%D9%84%D9%8A%D9%84-%D9%88-%D8%AA%D8%B5%D9%88%D8%B1-%D8%A7%D9%84%D8%A8%D9%8A%D8%A7%D9%86%D8%A7%D8%AA-%D8%A8%D8%A7%D8%B3%D8%AA%D8%AE%D8%AF%D8%A7%D9%85-%D8%A7%D9%83%D8%B3%D9%8A%D9%84
حوّل بياناتك إلى قرارات فعّالة مع تقارير Power BI التفاعلية,.Reda A,1,1,منذ شهرين و14 يوم,بيانات,تحليل ومعالجة بيانات,"تفاعلية, dashboard, تحليل البيانات, powerbi, داشبورد",https://khamsat.com/data/data-analytics/3184545-%D8%AD%D9%88%D9%84-%D8%A8%D9%8A%D8%A7%D9%86%D8%A7%D8%AA%D9%83-%D8%A5%D9%84%D9%89-%D9%82%D8%B1%D8%A7%D8%B1%D8%A7%D8%AA-%D9%81%D8%B9%D8%A7%D9%84%D8%A9-%D9%85%D8%B9-%D8%AA%D9%82%D8%A7%D8%B1%D9%8A%D8%B1-power-bi-%D8%A7%D9%84%D8%AA%D9%81%D8%A7%D8%B9%D9%84%D9%8A%D8%A9
ربط بين odoo -powerbi وانشاء تقارير,.Mohamed Z,2,2,منذ 7 أيام و3 ساعات,بيانات,تحليل ومعالجة بيانات,"تقارير, تحليل بيانات, odoo, powerbi, داش بورد",https://khamsat.com/data/data-analytics/3527108-%D8%B1%D8%A8%D8%B7-%D8%A8%D9%8A%D9%86-odoo-powerbi-%D9%88%D8%A7%D9%86%D8%B4%D8%A7%D8%A1-%D8%AA%D9%82%D8%A7%D8%B1%D9%8A%D8%B1
عمل داشبورد تفاعلى Interactive Dashboard بإستخدام Power BI,صلاح ب.,1,1,منذ شهر و6 أيام,بيانات,تحليل ومعالجة بيانات,"dashboard, تحليل البيانات, dashboards, power bi, داشبورد",https://khamsat.com/data/data-analytics/3693733-%D8%B9%D9%85%D9%84-%D8%AF%D8%A7%D8%B4%D8%A8%D9%88%D8%B1%D8%AF-%D8%AA%D9%81%D8%A7%D8%B9%D9%84%D9%89-interactive-dashboard-%D8%A8%D8%A5%D8%B3%D8%AA%D8%AE%D8%AF%D8%A7%D9%85-power-bi
تحليل بياناتك في Excel وتحويلها إلى تقارير وDashboards تفصيل,.Mohamed A,3,2,منذ شهرين و14 يوم,بيانات,تحليل ومعالجة بيانات,"microsoft excel, تحليل البيانات, data analysis, dashboards, داشبورد",https://khamsat.com/data/data-analytics/3234341-%D8%AA%D8%AD%D9%84%D9%8A%D9%84-%D8%A8%D9%8A%D8%A7%D9%86%D8%A7%D8%AA%D9%83-%D9%81%D9%8A-excel-%D9%88%D8%AA%D8%AD%D9%88%D9%8A%D9%84%D9%87%D8%A7-%D8%A5%D9%84%D9%89-%D8%AA%D9%82%D8%A7%D8%B1%D9%8A%D8%B1-%D9%88dashboards-%D8%AA%D9%81%D8%B5%D9%8A%D9%84
تحليل القوى والاجهادات وتحسين اجزاء الماكينات باستخدام ANSYS,.Ahmad J,2,1,منذ سنتين و6 أشهر,بيانات,تحليل ومعالجة بيانات,"تصميم, design, analysis, mechanical, ansys, fluid, stress, strain, simulations, تحليل موائع",https://khamsat.com/data/data-analytics/2544772-%D8%AA%D8%AD%D9%84%D9%8A%D9%84-%D8%A7%D9%84%D9%82%D9%88%D9%89-%D9%88%D8%A7%D9%84%D8%A7%D8%AC%D9%87%D8%A7%D8%AF%D8%A7%D8%AA-%D9%88%D8%AA%D8%AD%D8%B3%D9%8A%D9%86-%D8%A7%D8%AC%D8%B2%D8%A7%D8%A1-%D8%A7%D9%84%D9%85%D8%A7%D9%83%D9%8A%D9%86%D8%A7%D8%AA-%D8%A8%D8%A7%D8%B3%D8%AA%D8%AE%D8%AF%D8%A7%D9%85-ansys
تحليل بيانات وتصميم تقارير تفاعلية بـ Power BI و Excel,.Mohamed A,1,1,منذ شهرين و5 ساعات,بيانات,تحليل ومعالجة بيانات,"excel, dashboard, تحليل بيانات, رسوم بيانية, power bi",https://khamsat.com/data/data-analytics/3249951-%D8%AA%D8%AD%D9%84%D9%8A%D9%84-%D8%A8%D9%8A%D8%A7%D9%86%D8%A7%D8%AA-%D9%88%D8%AA%D8%B5%D9%85%D9%8A%D9%85-%D8%AA%D9%82%D8%A7%D8%B1%D9%8A%D8%B1-%D8%AA%D9%81%D8%A7%D8%B9%D9%84%D9%8A%D8%A9-%D8%A8%D9%80-power-bi-%D9%88-excel
تحليل البيانات بإستخدام إكسيل,.Mohamed S,1,0,Aucun avis,بيانات,تحليل ومعالجة بيانات,"تحليل, اكسيل, microsoft excel, database, data analysis",https://khamsat.com/data/data-analytics/3186706-%D8%AA%D8%AD%D9%84%D9%8A%D9%84-%D8%A7%D9%84%D8%A8%D9%8A%D8%A7%D9%86%D8%A7%D8%AA-%D8%A8%D8%A5%D8%B3%D8%AA%D8%AE%D8%AF%D8%A7%D9%85-%D8%A5%D9%83%D8%B3%D9%8A%D9%84
تحليل البيانات باستخدام Power BI,.Youssef A,5,4,منذ سنة و12 يوم,بيانات,تحليل ومعالجة بيانات,"dashboard, رسوم بيانية, تحليل البيانات, power bi, داشبورد",https://khamsat.com/data/data-analytics/3030102-%D8%AA%D8%AD%D9%84%D9%8A%D9%84-%D8%A7%D9%84%D8%A8%D9%8A%D8%A7%D9%86%D8%A7%D8%AA-%D8%A8%D8%A7%D8%B3%D8%AA%D8%AE%D8%AF%D8%A7%D9%85-power-bi
تحليل بيانات وداشبورد  باستخدام اكسل Excel و Power i,.Ayat M,2,2,منذ 7 أشهر و10 أيام,بيانات,تحليل ومعالجة بيانات,"excel, اكسيل, تحليل البيانات, power bi, داشبورد",https://khamsat.com/data/data-analytics/3063612-%D8%AA%D8%AD%D9%84%D9%8A%D9%84-%D8%A8%D9%8A%D8%A7%D9%86%D8%A7%D8%AA-%D9%88%D8%AF%D8%A7%D8%B4%D8%A8%D9%88%D8%B1%D8%AF-%D8%A8%D8%A7%D8%B3%D8%AA%D8%AE%D8%AF%D8%A7%D9%85-%D8%A7%D9%83%D8%B3%D9%84-excel-%D9%88-power-i
تحليل البيانات باستخدام لغه بايثون,.Eslam A,7,6,منذ سنة و4 أيام,بيانات,تحليل ومعالجة بيانات,"تحليل, بايثون",https://khamsat.com/data/data-analytics/2216751-%D8%AA%D8%AD%D9%84%D9%8A%D9%84-%D8%A7%D9%84%D8%A8%D9%8A%D8%A7%D9%86%D8%A7%D8%AA-%D8%A8%D8%A7%D8%B3%D8%AA%D8%AE%D8%AF%D8%A7%D9%85-%D9%84%D8%BA%D9%87-%D8%A8%D8%A7%D9%8A%D8%AB%D9%88%D9%86
تصميم داشبورد احترافي  امريكي احترافي يناسب عملك,.Haitham M,1,1,منذ سنة و4 أشهر,بيانات,تحليل ومعالجة بيانات,"حلول, تقارير, بيانات, مايكروسوفت, داشبورد",https://khamsat.com/data/data-analytics/2977298-%D8%AA%D8%B5%D9%85%D9%8A%D9%85-%D8%AF%D8%A7%D8%B4%D8%A8%D9%88%D8%B1%D8%AF-%D8%A7%D8%AD%D8%AA%D8%B1%D8%A7%D9%81%D9%8A-%D8%A7%D9%85%D8%B1%D9%8A%D9%83%D9%8A-%D8%A7%D8%AD%D8%AA%D8%B1%D8%A7%D9%81%D9%8A-%D9%8A%D9%86%D8%A7%D8%B3%D8%A8-%D8%B9%D9%85%D9%84%D9%83
تحليل البيانات بإستخدام بايثون,حسام الدين ع.,1,0,Aucun avis,بيانات,تحليل ومعالجة بيانات,"برمجة, python, بايثون, تحليل البيانات, data analysis",https://khamsat.com/data/data-analytics/3196536-%D8%AA%D8%AD%D9%84%D9%8A%D9%84-%D8%A7%D9%84%D8%A8%D9%8A%D8%A7%D9%86%D8%A7%D8%AA-%D8%A8%D8%A5%D8%B3%D8%AA%D8%AE%D8%AF%D8%A7%D9%85-%D8%A8%D8%A7%D9%8A%D8%AB%D9%88%D9%86
تحليل بيانات باستخدام Power bi and Excel,.Abdulrahman S,12,11,منذ 29 يوم و20 ساعة,بيانات,تحليل ومعالجة بيانات,"excel, بيانات, الاعمال, تحليل بيانات, data analysis",https://khamsat.com/data/data-analytics/3095994-%D8%AA%D8%AD%D9%84%D9%8A%D9%84-%D8%A8%D9%8A%D8%A7%D9%86%D8%A7%D8%AA-%D8%A8%D8%A7%D8%B3%D8%AA%D8%AE%D8%AF%D8%A7%D9%85-power-bi-and-excel
تحليل بياناتك في Excel وتحويلها إلى تقارير وداشبورد احترافية,.Mazen A,7,7,منذ شهرين و25 يوم,بيانات,تحليل ومعالجة بيانات,"excel, تقرير, اكسل, dashboard, داشبورد",https://khamsat.com/data/data-analytics/3146807-%D8%AA%D8%AD%D9%84%D9%8A%D9%84-%D8%A8%D9%8A%D8%A7%D9%86%D8%A7%D8%AA%D9%83-%D9%81%D9%8A-excel-%D9%88%D8%AA%D8%AD%D9%88%D9%8A%D9%84%D9%87%D8%A7-%D8%A5%D9%84%D9%89-%D8%AA%D9%82%D8%A7%D8%B1%D9%8A%D8%B1-%D9%88%D8%AF%D8%A7%D8%B4%D8%A8%D9%88%D8%B1%D8%AF-%D8%A7%D8%AD%D8%AA%D8%B1%D8%A7%D9%81%D9%8A%D8%A9
تحليل البيانات وإنشاء تقارير تفاعلية باستخدام Tableau,.Amira M,1,1,منذ 8 أشهر و8 أيام,بيانات,تحليل ومعالجة بيانات,"تصميم, dashboard, تحليل بيانات, tableau, data analysis",https://khamsat.com/data/data-analytics/3227973-%D8%AA%D8%AD%D9%84%D9%8A%D9%84-%D8%A7%D9%84%D8%A8%D9%8A%D8%A7%D9%86%D8%A7%D8%AA-%D9%88%D8%A5%D9%86%D8%B4%D8%A7%D8%A1-%D8%AA%D9%82%D8%A7%D8%B1%D9%8A%D8%B1-%D8%AA%D9%81%D8%A7%D8%B9%D9%84%D9%8A%D8%A9-%D8%A8%D8%A7%D8%B3%D8%AA%D8%AE%D8%AF%D8%A7%D9%85-tableau
تحليل بيانات تحليل واستكشاف بيانات,.Mohamed M,2,2,منذ 26 يوم و20 ساعة,بيانات,تحليل ومعالجة بيانات,بيانات,https://khamsat.com/data/data-analytics/3863721-%D8%AA%D8%AD%D9%84%D9%8A%D9%84-%D8%A8%D9%8A%D8%A7%D9%86%D8%A7%D8%AA-%D8%AA%D8%AD%D9%84%D9%8A%D9%84-%D9%88%D8%A7%D8%B3%D8%AA%D9%83%D8%B4%D8%A7%D9%81-%D8%A8%D9%8A%D8%A7%D9%86%D8%A7%D8%AA
تحليل إحصائي باستخدام برنامج  SPSS  باحترافية,.Ghada A,4,4,منذ سنة وشهر,بيانات,تحليل ومعالجة بيانات,"تحليل, تحليل احصائي, بيانات, spss, استبانة",https://khamsat.com/data/data-analytics/2547741-%D8%AA%D8%AD%D9%84%D9%8A%D9%84-%D8%A5%D8%AD%D8%B5%D8%A7%D8%A6%D9%8A-%D8%A8%D8%A7%D8%B3%D8%AA%D8%AE%D8%AF%D8%A7%D9%85-%D8%A8%D8%B1%D9%86%D8%A7%D9%85%D8%AC-spss-%D8%A8%D8%A7%D8%AD%D8%AA%D8%B1%D8%A7%D9%81%D9%8A%D8%A9
تحليل البيانات باستخدام Excel and Google sheet,شروق ص.,1,1,منذ شهر و13 يوم,بيانات,تحليل ومعالجة بيانات,"microsoft excel, رسوم بيانية, تحليل البيانات, data analysis, داش بورد",https://khamsat.com/data/data-analytics/3749767-%D8%AA%D8%AD%D9%84%D9%8A%D9%84-%D8%A7%D9%84%D8%A8%D9%8A%D8%A7%D9%86%D8%A7%D8%AA-%D8%A8%D8%A7%D8%B3%D8%AA%D8%AE%D8%AF%D8%A7%D9%85-excel-and-google-sheet
تقرير تفاعلي محترف باستخدام Power BI,.Mohamed H,14,11,منذ سنتين وشهر,بيانات,تحليل ومعالجة بيانات,"تقرير, power, باور, تفاعلى, bi",https://khamsat.com/data/data-analytics/1491599-%D8%AA%D9%82%D8%B1%D9%8A%D8%B1-%D8%AA%D9%81%D8%A7%D8%B9%D9%84%D9%8A-%D9%85%D8%AD%D8%AA%D8%B1%D9%81-%D8%A8%D8%A7%D8%B3%D8%AA%D8%AE%D8%AF%D8%A7%D9%85-power-bi
تنظيف وتحضير البيانات بدقة واحترافية لتحليل أفضل,.Youmna M,1,0,Aucun avis,بيانات,تحليل ومعالجة بيانات,"python, بيانات, تحليل البيانات, visualization, pandas",https://khamsat.com/data/data-analytics/3131507-%D8%AA%D9%86%D8%B8%D9%8A%D9%81-%D9%88%D8%AA%D8%AD%D8%B6%D9%8A%D8%B1-%D8%A7%D9%84%D8%A8%D9%8A%D8%A7%D9%86%D8%A7%D8%AA-%D8%A8%D8%AF%D9%82%D8%A9-%D9%88%D8%A7%D8%AD%D8%AA%D8%B1%D8%A7%D9%81%D9%8A%D8%A9-%D9%84%D8%AA%D8%AD%D9%84%D9%8A%D9%84-%D8%A3%D9%81%D8%B6%D9%84
تحليل البيانات و معالجتها Data Analysis,ندى م.,4,4,منذ 17 يوم و12 ساعة,بيانات,تحليل ومعالجة بيانات,"excel, dashboard, تحليل البيانات, data analysis, powerbi",https://khamsat.com/data/data-analytics/3036958-%D8%AA%D8%AD%D9%84%D9%8A%D9%84-%D8%A7%D9%84%D8%A8%D9%8A%D8%A7%D9%86%D8%A7%D8%AA-%D9%88-%D9%85%D8%B9%D8%A7%D9%84%D8%AC%D8%AA%D9%87%D8%A7-data-analysis
تنظيم وتحليل البيانات ببراعة باستخدام Excel,.Mohamed A,2,2,منذ سنة و10 أشهر,بيانات,تحليل ومعالجة بيانات,"excel, تحليل, بيانات, ادخال بيانات, data, اكسيل, اكسل, جداول, شيت, analysis",https://khamsat.com/data/data-analytics/2796507-%D8%AA%D9%86%D8%B8%D9%8A%D9%85-%D9%88%D8%AA%D8%AD%D9%84%D9%8A%D9%84-%D8%A7%D9%84%D8%A8%D9%8A%D8%A7%D9%86%D8%A7%D8%AA-%D8%A8%D8%A8%D8%B1%D8%A7%D8%B9%D8%A9-%D8%A8%D8%A7%D8%B3%D8%AA%D8%AE%D8%AF%D8%A7%D9%85-excel
